<?xml version="1.0" encoding="UTF-8" standalone="no"?>
<metadata><idinfo><citation><citeinfo><origin>Fugro William Lettis &amp; Associates, Inc.</origin><pubdate>October 2010</pubdate><title Sync="TRUE">WAC_Flow_Network</title><geoform Sync="TRUE">vector digital data</geoform><ftname Sync="TRUE">WAC_Flow_Network</ftname><othercit>This database was created by Fugro William Lettis &amp; Associates, Inc. for the Alameda County Public Works and Water Conservation District, funded through EOA, Inc.</othercit><onlink Sync="TRUE">\\server-data01\Gis\Projects\2127_Western_Alameda_Creeks_GIS\GIS\SHP\WAC_ver_1_0\WAC_Flow_Network.shp</onlink></citeinfo></citation><abstract>The lines in this shapefile represent the present-day surface water flow network, including creeks, engineered channels, and underground culverts or storm drains of communities in western Alameda County, California.  This database was designed to help the general public and regional planners understand how water flows through western Alameda County waterways and watersheds.</abstract><purpose>The purpose of this shapefile is to illustrate the present-day surface water flow network within the western Alameda County study area. Elements of the network include creeks, engineered channels, and underground culverts or storm drains. Only larger features are shown. Creeks and engineered channels have a minimum of 0.2 square kilometers of watershed, and culverts or storm drains measure at least 24 inches in diameter. Engineered channels include both natural creeks significantly reinforced by concrete or rock, and artificial channels, ditches, and canals not coincident with a historical creek. Some newer engineered channels are designed to mimic natural channels. These digital GIS files represent the same data as the Creek &amp; Watershed Map of Oakland &amp; Berkeley (2010), the Creek &amp; Watershed Map of Hayward &amp; San Leandro (2010), the Creek &amp; Watershed Map of Fremont &amp; Vicinity (1999), and a portion of the Creek &amp; Watershed Map of Milpitas &amp; Northern San Jose (2005) each published by the Oakland Museum of California. Refinements were made to the creeks and engineered channels to improve registration of the data to aerial photography. Data for areas outside the boundaries of these four maps were added to provide full coverage of the western Alameda County watersheds.</purpose><langdata Sync="TRUE">en</langdata><timeperd><timeinfo><sngdate><caldate>2010</caldate></sngdate></timeinfo><current>The polylines in this digital database represent the most current data available at the time of data compilation.  If users have concerns that these data are not up to date, they are encouraged to contact the local city government that has jurisdiction ov</current></timeperd><status><progress>Completed (version 1.0)</progress><update>As needed</update></status><spdom><bounding><westbc Sync="TRUE">-122.325814</westbc><eastbc Sync="TRUE">-121.868695</eastbc><northbc Sync="TRUE">37.922948</northbc><southbc Sync="TRUE">37.450385</southbc></bounding><lboundng><leftbc Sync="TRUE">6035008.500000</leftbc><rightbc Sync="TRUE">6164402.105699</rightbc><bottombc Sync="TRUE">1991565.822977</bottombc><topbc Sync="TRUE">2161452.114451</topbc></lboundng></spdom><keywords><theme><themekey>flow network</themekey><themekey>watershed</themekey><themekey>Oakland Museum</themekey><themekey>creek</themekey><themekey>channel</themekey><themekey>storm drain</themekey><themekey>culvert</themekey></theme><place><placekey>Albany</placekey><placekey>Berkeley</placekey><placekey>Oakland</placekey><placekey>Emeryville</placekey><placekey>Piedmont</placekey><placekey>Alameda</placekey><placekey>Hayward</placekey><placekey>Union City</placekey><placekey>Castro Valley</placekey><placekey>San Leandro</placekey><placekey>Newark</placekey><placekey>Fremont</placekey><placekey>Moraga</placekey><placekey>San Lorenzo</placekey><placekey>Niles</placekey><placekey>Alameda County</placekey><placekey>Western Alameda County</placekey><placekey>San Francisco Bay Area</placekey></place></keywords><accconst>This work is public domain and we encourage the public to use the information openly and appropriately.</accconst><useconst>These data were compiled at 1:24,000 scale and comprise a regional dataset.  This dataset is not a substitute for a site-specific engineering study of surface hydrology.</useconst><ptcontac><cntinfo><cntperp><cntper>Janet Sowers</cntper><cntorg>Fugro William Lettis &amp; Associates, Inc.</cntorg></cntperp><cntpos>Senior Geologist</cntpos><cntaddr><addrtype>mailing and physical address</addrtype><address>1777 Botelho Dr. Suite 262</address><city>Walnut Creek</city><state>CA</state><postal>94596</postal><country>USA</country></cntaddr><cntvoice>(925)256-6070</cntvoice><cntfax>(925)256-6076</cntfax><cntemail>j.sowers@fugro.com</cntemail><hours>8:00 AM - 5:00 PM</hours></cntinfo></ptcontac><secinfo><secsys>none</secsys><secclass>Unclassified</secclass></secinfo><native Sync="TRUE">Microsoft Windows XP Version 5.1 (Build 2600) Service Pack 3; ESRI ArcCatalog 9.3.0.1770</native><crossref><citeinfo><origin>Fugro William Lettis &amp; Associates, Inc. Author : Janet Sowers and Christopher Richard; Digital database prepared by Ranon Dulberg and Jason Holmberg.</origin><pubdate>October 2010</pubdate><title>Creek and Watershed Map of Western Alameda County: A Digital Database</title><edition>version 1.0</edition><pubinfo><pubplace>Oakland, CA</pubplace><publish>Oakland Museum of California</publish></pubinfo><onlink>www.museumca.org/creeks/</onlink></citeinfo></crossref><natvform Sync="TRUE">Shapefile</natvform><descript><langdata Sync="TRUE">en</langdata><abstract>The lines in this shapefile represent the present-day surface water flow network, including creeks, engineered channels, and underground culverts or storm drains of communities in western Alameda County, California.  This database was designed to help the general public and regional planners understand how water flows through western Alameda County waterways and watersheds.</abstract><purpose>The purpose of this shapefile is to illustrate the present-day surface water flow network within the western Alameda County study area. Elements of the network include creeks, engineered channels, and underground culverts or storm drains. Only larger features are shown. Creeks and engineered channels have a minimum of 0.2 square kilometers of watershed, and culverts or storm drains measure at least 24 inches in diameter. Engineered channels include both natural creeks significantly reinforced by concrete or rock, and artificial channels, ditches, and canals not coincident with a historical creek. Some newer engineered channels are designed to mimic natural channels. These digital GIS files represent the same data as the Creek &amp; Watershed Map of Oakland &amp; Berkeley (2010), the Creek &amp; Watershed Map of Hayward &amp; San Leandro (2010), the Creek &amp; Watershed Map of Fremont &amp; Vicinity (1999), and a portion of the Creek &amp; Watershed Map of Milpitas &amp; Northern San Jose (2005) each published by the Oakland Museum of California. Refinements were made to the creeks and engineered channels to improve registration of the data to 2009 USDA National Agricultural Imagery Program (NAIP) aerial photography. Data for areas outside the boundaries of these four maps were added to provide full coverage of the western Alameda County watersheds.</purpose></descript></idinfo><dataqual><attracc><qattracc><attraccv>N/A</attraccv></qattracc></attracc><posacc><horizpa><horizpar>All data should be considered approximate.</horizpar><qhorizpa><horizpav>100 feet</horizpav></qhorizpa></horizpa><vertacc><vertaccr>N/A</vertaccr></vertacc></posacc><lineage><procstep><procdesc>This shapefile was created from Freehand files of the published maps and imported into Arcview using a Freehand extension called Map Publisher. The shapefile was then registered to the Stateplane coordinate system using an Arcview Tool called Spatial Adjustment. Data for areas outside the published map boundaries were compiled directly in GIS.   Minor adjustment of the data was done in ArcGIS to improve the registration of the data to aerial photography. These data were compiled at a scale of 1:24,000 and will be accurate at this scale.  Use of these data at larger scales would be inappropriate as data may appear erroneous when enlarged.</procdesc><procsv>ArcGIS 10.0</procsv></procstep><srcinfo><srcscale>24000</srcscale><srccontr>Storm drains, engineered channels, and present-day creeks were compiled from city and county data, 2004 to 2009 aerial photography, U.S. Geological Survey topographic maps, and field inspection. A complete list of sources is provided in WAC_Creeks_GIS_Readme_ver.1.0. Additional documentation can be obtained from Janet Sowers at Fugro William Lettis &amp; Associates, Inc. in Walnut Creek, or at www.museumca.org/creeks/.</srccontr></srcinfo></lineage></dataqual><spdoinfo><direct Sync="TRUE">Vector</direct><ptvctinf><sdtsterm Name="WAC_Flow_Network"><sdtstype Sync="TRUE">String</sdtstype><ptvctcnt Sync="TRUE">3316</ptvctcnt></sdtsterm><esriterm Name="WAC_Flow_Network"><efeatyp Sync="TRUE">Simple</efeatyp><efeageom Sync="TRUE">Polyline</efeageom><esritopo Sync="TRUE">FALSE</esritopo><efeacnt Sync="TRUE">3316</efeacnt><spindex Sync="TRUE">TRUE</spindex><linrefer Sync="TRUE">FALSE</linrefer></esriterm></ptvctinf></spdoinfo><spref><horizsys><planar><planci><plance Sync="TRUE">coordinate pair</plance><coordrep><absres Sync="TRUE">0.000000</absres><ordres Sync="TRUE">0.000000</ordres></coordrep><plandu Sync="TRUE">survey feet</plandu></planci><mapproj><mapprojn Sync="TRUE">Lambert Conformal Conic</mapprojn><lambertc><stdparll Sync="TRUE">37.066667</stdparll><stdparll Sync="TRUE">38.433333</stdparll><longcm Sync="TRUE">-120.500000</longcm><latprjo Sync="TRUE">36.500000</latprjo><feast Sync="TRUE">6561666.666667</feast><fnorth Sync="TRUE">1640416.666667</fnorth></lambertc></mapproj></planar><geodetic><horizdn Sync="TRUE">North American Datum of 1983</horizdn><ellips Sync="TRUE">Geodetic Reference System 80</ellips><semiaxis Sync="TRUE">6378137.000000</semiaxis><denflat Sync="TRUE">298.257222</denflat></geodetic><cordsysn><geogcsn Sync="TRUE">GCS_North_American_1983</geogcsn><projcsn Sync="TRUE">NAD_1983_StatePlane_California_III_FIPS_0403_Feet</projcsn></cordsysn></horizsys></spref><eainfo><detailed Name="WAC_Flow_Network"><enttyp><enttypl Sync="TRUE">WAC_Flow_Network</enttypl><enttypt Sync="TRUE">Feature Class</enttypt><enttypc Sync="TRUE">3316</enttypc></enttyp><attr><attrlabl>FID</attrlabl><attrdef>Internal feature number.</attrdef><attrdefs>ESRI</attrdefs><attrdomv><udom>Sequential unique whole numbers that are automatically generated.</udom></attrdomv><attalias Sync="TRUE">FID</attalias><attrtype Sync="TRUE">OID</attrtype><attwidth Sync="TRUE">4</attwidth><atprecis Sync="TRUE">0</atprecis><attscale Sync="TRUE">0</attscale></attr><attr><attrlabl>Shape</attrlabl><attrdef>Feature geometry.</attrdef><attrdefs>ESRI</attrdefs><attrdomv><udom>Coordinates defining the features.</udom></attrdomv><attalias Sync="TRUE">Shape</attalias><attrtype Sync="TRUE">Geometry</attrtype><attwidth Sync="TRUE">0</attwidth><atprecis Sync="TRUE">0</atprecis><attscale Sync="TRUE">0</attscale></attr><attr><attrlabl Sync="TRUE">NAME</attrlabl><attalias Sync="TRUE">NAME</attalias><attrtype Sync="TRUE">String</attrtype><attwidth Sync="TRUE">30</attwidth></attr><attr><attrlabl Sync="TRUE">Source</attrlabl><attalias Sync="TRUE">Source</attalias><attrtype Sync="TRUE">String</attrtype><attwidth Sync="TRUE">50</attwidth></attr><attr><attrlabl>LTYPE</attrlabl><attrdef>feature type</attrdef><attrdefs>Fugro William Lettis and Associates, Inc.</attrdefs><attrdomv></attrdomv><attrtype Sync="TRUE">String</attrtype><attwidth Sync="TRUE">50</attwidth><attalias Sync="TRUE">LTYPE</attalias></attr></detailed></eainfo><distinfo><stdorder><digform><digtinfo><transize>0.919</transize><dssize Sync="TRUE">0.757</dssize></digtinfo></digform></stdorder><distliab>Fugro William Lettis &amp; Associates, Inc. (FWLA) does not assume any liability, responsibility, or make any warranty for the accuracy or usefulness of any information contained in these data or any process associated with the development of these data. These data should not be used for purposes other than that intended during its development. These data should only be used at the scale at which it, or its source documents, was compiled. Use of these data at a scale larger than that at which it was compiled will not result in greater accuracy.</distliab><resdesc Sync="TRUE">Downloadable Data</resdesc></distinfo><metainfo><metd Sync="TRUE">20101027</metd><metc><cntinfo><cntorgp><cntorg>Fugro William Lettis and Associates, Inc.</cntorg><cntper>Ranon Dulberg</cntper></cntorgp><cntaddr><city>Walnut Creek</city><state>CA</state><postal>94596</postal><address>1777 Botelho Dr. Suite 262</address></cntaddr><cntvoice>(925)256-6070</cntvoice><cntpos>Senior Staff GIS Analyst</cntpos></cntinfo></metc><metstdn Sync="TRUE">FGDC Content Standards for Digital Geospatial Metadata</metstdn><metstdv Sync="TRUE">FGDC-STD-001-1998</metstdv><mettc Sync="TRUE">local time</mettc><metextns><onlink>&lt;http://www.esri.com/metadata/esriprof80.html&gt;</onlink><metprof>ESRI Metadata Profile</metprof></metextns><langmeta Sync="TRUE">en</langmeta><metextns><onlink Sync="TRUE">http://www.esri.com/metadata/esriprof80.html</onlink><metprof Sync="TRUE">ESRI Metadata Profile</metprof></metextns></metainfo><Esri><CreaDate>20101025</CreaDate><CreaTime>11274000</CreaTime><SyncOnce>FALSE</SyncOnce><SyncDate>20101027</SyncDate><SyncTime>13351700</SyncTime><ModDate>20101027</ModDate><ModTime>13421700</ModTime><MetaID>{326385EA-1104-41BE-9534-CEE823C4E813}</MetaID><DataProperties><lineage><Process ToolSource="C:\Program Files\ArcGIS\Desktop10.0\ArcToolbox\Toolboxes\Data Management Tools.tbx\CalculateField" Date="20101029" Time="114239">CalculateField WAC_Flow_Network Source "HAY SAN CREEK" VB #</Process><Process ToolSource="C:\Program Files\ArcGIS\Desktop10.0\ArcToolbox\Toolboxes\Data Management Tools.tbx\CalculateField" Date="20101029" Time="114543">CalculateField WAC_Flow_Network Source "FREMONT CREEK" VB #</Process><Process ToolSource="C:\Program Files\ArcGIS\Desktop10.0\ArcToolbox\Toolboxes\Data Management Tools.tbx\CalculateField" Date="20101029" Time="114729">CalculateField WAC_Flow_Network Source "FREMONT CREEK" VB #</Process><Process ToolSource="C:\Program Files\ArcGIS\Desktop10.0\ArcToolbox\Toolboxes\Data Management Tools.tbx\CalculateField" Date="20101029" Time="114839">CalculateField WAC_Flow_Network Source "MILPITAS NSJ CREEK" VB #</Process><Process ToolSource="C:\Program Files\ArcGIS\Desktop10.0\ArcToolbox\Toolboxes\Data Management Tools.tbx\CalculateField" Date="20101029" Time="115846">CalculateField WAC_Flow_Network Source "RICHMOND CREEK" VB #</Process></lineage></DataProperties></Esri><dataIdInfo><envirDesc Sync="TRUE">Microsoft Windows XP Version 5.1 (Build 2600) Service Pack 3; ESRI ArcCatalog 9.3.0.1770</envirDesc><dataLang><languageCode Sync="TRUE" value="en"></languageCode></dataLang><idCitation><resTitle Sync="TRUE">WAC_Flow_Network</resTitle><presForm><PresFormCd Sync="TRUE" value="005"></PresFormCd></presForm></idCitation><spatRpType><SpatRepTypCd Sync="TRUE" value="001"></SpatRepTypCd></spatRpType><dataExt><geoEle><GeoBndBox esriExtentType="native"><westBL Sync="TRUE">6035008.5</westBL><eastBL Sync="TRUE">6164402.105699</eastBL><northBL Sync="TRUE">2161452.114451</northBL><southBL Sync="TRUE">1991565.822977</southBL><exTypeCode Sync="TRUE">1</exTypeCode></GeoBndBox></geoEle></dataExt><geoBox esriExtentType="decdegrees"><westBL Sync="TRUE">-122.325814</westBL><eastBL Sync="TRUE">-121.868695</eastBL><northBL Sync="TRUE">37.922948</northBL><southBL Sync="TRUE">37.450385</southBL><exTypeCode Sync="TRUE">1</exTypeCode></geoBox></dataIdInfo><mdLang><languageCode Sync="TRUE" value="en"></languageCode></mdLang><mdStanName Sync="TRUE">ISO 19115 Geographic Information - Metadata</mdStanName><mdStanVer Sync="TRUE">DIS_ESRI1.0</mdStanVer><mdChar><CharSetCd Sync="TRUE" value="004"></CharSetCd></mdChar><mdHrLv><ScopeCd Sync="TRUE" value="005"></ScopeCd></mdHrLv><mdHrLvName Sync="TRUE">dataset</mdHrLvName><distInfo><distributor><distorTran><onLineSrc><orDesc Sync="TRUE">002</orDesc><linkage Sync="TRUE">file://\\server-data01\Gis\Projects\2127_Western_Alameda_Creeks_GIS\GIS\SHP\WAC_ver_1_0\WAC_Flow_Network.shp</linkage><protocol Sync="TRUE">Local Area Network</protocol></onLineSrc><transSize Sync="TRUE">0.757</transSize></distorTran><distorFormat><formatName Sync="TRUE">Shapefile</formatName></distorFormat></distributor></distInfo><refSysInfo><RefSystem><refSysID><identCode Sync="TRUE">NAD_1983_StatePlane_California_III_FIPS_0403_Feet</identCode></refSysID></RefSystem></refSysInfo><spatRepInfo><VectSpatRep><topLvl><TopoLevCd Sync="TRUE" value="001"></TopoLevCd></topLvl><geometObjs Name="WAC_Flow_Network"><geoObjTyp><GeoObjTypCd Sync="TRUE" value="001"></GeoObjTypCd></geoObjTyp><geoObjCnt Sync="TRUE">3316</geoObjCnt></geometObjs></VectSpatRep></spatRepInfo><mdDateSt Sync="TRUE">20101027</mdDateSt></metadata>
